{
  "verdict": "PASS",
  "units_note": "delta is a dimensionless fraction; abs_nats is in NATS. Do not relabel units.",
  "gate_1_sign_test": {
    "k_A_better": 197,
    "n": 200,
    "p_two_sided": 1.659679419208622e-54,
    "threshold": 0.01,
    "pass": true
  },
  "gate_2_bootstrap_ci": {
    "mean_delta": 0.38673027000000004,
    "ci95": [
      0.3629593065,
      0.411533791
    ],
    "excludes_zero": true
  },
  "raw_content_sha256": "f6c209960a19ca27d981abbb1814d7e944008074fdfcd4943e267b591149ddbe"
}