{
  "config": {
    "lambda": 10.0,
    "n_train": 64,
    "n_test": 4000,
    "d": 40,
    "n_seeds": 200,
    "n_nonzero": 8,
    "noise_sd": 1.0
  },
  "units": {
    "err": "nats",
    "delta": "dimensionless_fraction",
    "abs_nats": "nats"
  },
  "per_seed": {
    "err_A": [
      2.662638,
      3.025059,
      2.078052,
      2.502091,
      2.647144,
      2.103264,
      2.248176,
      4.328249,
      3.829676,
      3.844162,
      2.255424,
      3.161624,
      2.751958,
      2.457517,
      2.509137,
      2.253065,
      2.170419,
      3.0004,
      3.409021,
      3.492447,
      2.458055,
      2.803341,
      2.473228,
      2.242705,
      2.649216,
      2.220502,
      2.670247,
      2.639833,
      1.760301,
      2.265347,
      2.672196,
      2.299616,
      2.472918,
      1.854042,
      2.339058,
      3.852518,
      2.82898,
      3.272681,
      2.113321,
      2.3799,
      2.291837,
      2.409192,
      2.573986,
      2.031112,
      2.455149,
      2.942056,
      2.893983,
      2.141617,
      2.3786,
      3.200752,
      2.189817,
      2.997411,
      2.901032,
      2.421996,
      2.431848,
      3.539774,
      2.568472,
      2.55709,
      3.199653,
      2.169035,
      2.609918,
      2.933296,
      2.400861,
      2.288881,
      2.141611,
      2.199131,
      2.27189,
      3.135034,
      2.739598,
      2.737624,
      2.026067,
      1.840089,
      2.967725,
      2.048468,
      2.464262,
      2.352367,
      1.993757,
      2.158194,
      2.496819,
      2.785134,
      2.198681,
      1.984205,
      2.461319,
      2.695702,
      2.458371,
      2.107101,
      2.111285,
      2.482443,
      2.333857,
      3.023859,
      2.495407,
      2.418539,
      3.043281,
      3.833146,
      3.854259,
      2.465032,
      2.338879,
      2.027474,
      2.291658,
      2.835863,
      2.651893,
      2.555413,
      2.817607,
      2.392412,
      2.635385,
      2.747506,
      2.200325,
      2.800395,
      2.553681,
      2.464135,
      2.256954,
      3.246631,
      2.657888,
      2.228375,
      2.659601,
      2.830725,
      3.536132,
      1.961757,
      3.276885,
      2.926116,
      2.340357,
      3.260378,
      3.054952,
      3.122526,
      2.384569,
      2.013342,
      2.282502,
      2.296876,
      4.789036,
      2.536148,
      2.530853,
      2.630125,
      2.267842,
      2.182143,
      2.381128,
      2.330839,
      2.755083,
      3.422145,
      2.960911,
      3.110595,
      2.517044,
      3.184695,
      2.684761,
      2.794162,
      2.084355,
      3.255402,
      2.558553,
      2.355942,
      3.292655,
      2.209981,
      2.890536,
      2.352242,
      3.727473,
      2.019311,
      2.372221,
      2.13139,
      4.238878,
      2.215165,
      2.845302,
      2.389609,
      2.158616,
      2.584241,
      2.119467,
      2.78925,
      2.410833,
      2.312146,
      2.329564,
      2.481849,
      2.724682,
      2.818402,
      2.506838,
      2.852814,
      2.239269,
      2.924416,
      2.866515,
      3.224671,
      2.197392,
      2.216874,
      2.547469,
      3.989241,
      2.851461,
      2.180515,
      2.323508,
      2.360212,
      2.825717,
      2.211858,
      2.525261,
      2.229388,
      2.789904,
      3.18998,
      2.891328,
      2.249206,
      3.112989,
      2.466551,
      2.665623,
      3.497958,
      2.037872,
      2.749721,
      2.299386,
      2.909607
    ],
    "err_B": [
      4.028602,
      5.458847,
      1.96473,
      5.508236,
      5.28695,
      4.706704,
      2.557485,
      5.857772,
      3.664304,
      6.973541,
      3.885858,
      5.911379,
      3.353814,
      4.233456,
      3.966342,
      4.019895,
      8.406711,
      4.206245,
      5.808437,
      7.028692,
      4.384685,
      6.523685,
      5.35635,
      4.487918,
      3.936696,
      3.153385,
      3.186529,
      6.838426,
      5.529931,
      2.399461,
      5.303559,
      3.172509,
      3.52278,
      2.250396,
      3.105676,
      4.970909,
      4.828892,
      4.136931,
      3.050245,
      3.830523,
      4.56777,
      4.997903,
      3.660898,
      4.278657,
      3.421687,
      3.351289,
      4.040498,
      5.154459,
      5.940875,
      8.194593,
      3.249655,
      4.236414,
      6.065557,
      3.674019,
      3.063879,
      9.577492,
      3.22203,
      4.779244,
      6.420309,
      3.291624,
      5.269554,
      2.906974,
      6.595915,
      5.069618,
      3.413851,
      2.64882,
      3.203691,
      8.517979,
      4.306024,
      3.905598,
      3.972738,
      3.499009,
      4.698119,
      2.729497,
      3.954475,
      7.719734,
      3.677453,
      3.316216,
      3.593296,
      4.431691,
      4.900676,
      3.412185,
      5.984788,
      2.778021,
      3.72228,
      3.630088,
      4.27574,
      5.543535,
      3.957091,
      4.630071,
      3.435472,
      8.073796,
      4.682373,
      10.807877,
      5.127175,
      4.298551,
      4.595936,
      4.310247,
      3.735757,
      5.479626,
      3.445764,
      4.131523,
      4.829785,
      5.135714,
      2.932949,
      3.809672,
      3.499901,
      7.355899,
      4.114382,
      5.548733,
      3.769839,
      3.34934,
      4.795743,
      3.764305,
      11.713928,
      3.021098,
      3.616955,
      2.187722,
      6.548778,
      6.513956,
      2.795017,
      3.897672,
      4.229797,
      5.262998,
      5.825582,
      2.698789,
      3.378354,
      3.472691,
      8.34854,
      6.788237,
      3.367747,
      7.474597,
      3.597861,
      4.300787,
      2.479724,
      3.024747,
      4.383899,
      8.686969,
      4.032907,
      8.61621,
      6.329173,
      6.062178,
      4.771884,
      3.475549,
      3.478008,
      3.806141,
      4.067172,
      2.926174,
      11.663068,
      2.548829,
      4.687288,
      3.63465,
      4.485097,
      7.115173,
      4.044397,
      3.11026,
      5.532761,
      5.645519,
      4.760064,
      4.531965,
      3.814127,
      7.165087,
      5.827979,
      3.791047,
      3.946937,
      4.246021,
      4.673912,
      5.483388,
      5.108603,
      4.478329,
      6.535106,
      5.496827,
      3.094291,
      4.181713,
      6.087107,
      5.211893,
      3.478921,
      2.484518,
      3.878016,
      6.090033,
      4.409883,
      2.885349,
      5.128446,
      5.69795,
      4.125422,
      2.356534,
      5.444192,
      3.018149,
      4.865079,
      4.036432,
      5.88016,
      3.024151,
      3.574944,
      6.395146,
      4.699198,
      3.593946,
      2.595099,
      4.789123,
      3.091452,
      11.751334
    ],